Blues,8
"Blues, Folk, World, & Country",1
"Classical, Stage & Screen",1
Electronic,7
"Electronic, Funk / Soul",2
"Electronic, Funk / Soul, Pop",1
"Electronic, Hip Hop, Funk / Soul",1
"Electronic, Hip Hop, Funk / Soul, Pop",1
"Electronic, Hip Hop, Pop",1
"Electronic, Hip Hop, Reggae, Pop",1
"Electronic, Pop",5
"Electronic, Reggae",1
"Electronic, Rock",19
"Electronic, Rock, Funk / Soul, Blues, Pop",1
"Electronic, Rock, Funk / Soul, Pop",1
"Electronic, Rock, Funk / Soul, Stage & Screen",1
"Electronic, Rock, Pop",2
"Electronic,ÊStage & Screen",1
"Folk, World, & Country",13
Funk / Soul,38
"Funk / Soul, Blues",4
"Funk / Soul, Folk, World, & Country",1
"Funk / Soul, Pop",6
"Funk / Soul, Stage & Screen",1
"Funk / Soul,ÊFolk, World, & Country",1
Hip Hop,29
"Hip Hop, Funk / Soul",3
"Hip Hop, Rock",1
"Hip Hop, Rock, Funk / Soul",1
Jazz,7
"Jazz, Funk / Soul",1
"Jazz, Pop",3
"Jazz, Pop, Folk, World, & Country",1
"Jazz, Rock",2
"Jazz, Rock, Blues, Folk, World, & Country",1
"Jazz, Rock, Funk / Soul, Blues",1
"Jazz, Rock, Funk / Soul, Folk, World, & Country",1
"Jazz, Rock, Funk / Soul, Pop, Folk, World, & Country",1
"Jazz, Rock, Pop",1
"Latin, Funk / Soul",1
Pop,1
"Pop, Folk, World, & Country",1
Reggae,6
"Reggae,ÊPop,ÊFolk, World, & Country,ÊStage & Screen",1
Rock,249
"Rock, Blues",16
"Rock, Blues, Folk, World, & Country",1
"Rock, Blues, Pop",2
"Rock, Folk, World, & Country",9
"Rock, Funk / Soul",5
"Rock, Funk / Soul, Blues",1
"Rock, Funk / Soul, Blues, Pop, Folk, World, & Country",1
"Rock, Funk / Soul, Folk, World, & Country",1
"Rock, Funk / Soul, Pop",3
"Rock, Latin",2
"Rock, Latin, Funk / Soul",1
"Rock, Pop",18
"Rock, Pop, Folk, World, & Country",1
"Rock, Reggae",2
"Rock, Reggae, Latin",1
"Rock, Stage & Screen",3
"Rock,ÊBlues",1
"Rock,ÊPop",1
